[
  {
    "id": 1,
    "name": "UltraBook Pro 15",
    "brand": "TechBrand",
    "category": "Laptop",
    "price": 1299.99,
    "image": "/images/ultrabook-pro-15.jpg",
    "description": "A lightweight, high-performance laptop with a 15-inch display, 16GB RAM, and 512GB SSD."
  },
  {
    "id": 2,
    "name": "iPhone XZ",
    "brand": "Pear",
    "category": "Smartphone",
    "price": 999.99,
    "image": "/images/iphone-xz.jpg",
    "description": "A sleek and powerful smartphone with a 6.1-inch OLED display and advanced camera system."
  },
  {
    "id": 3,
    "name": "Galaxy Tab S7",
    "brand": "Samsing",
    "category": "Tablet",
    "price": 699.99,
    "image": "/images/galaxy-tab-s7.jpg",
    "description": "A versatile tablet for work and play with a vivid 11-inch screen and S-Pen support."
  }
]